	{

		"metadata": {
			"formatVersion" : 3.1,
			"generatedBy"   : "Blender 2.7 Exporter",
			"vertices"      : 96,
			"faces"         : 118,
			"normals"       : 76,
			"colors"        : 0,
			"uvs"           : [143],
			"materials"     : 1,
			"morphTargets"  : 0,
			"bones"         : 0
		},

			"scale" : 1.000000,
			
			"vertices" : [0.280273,0.302642,1.34448,0.280273,0.234452,1.34448,0.448878,0.234452,1.47932,0.448878,0.302642,1.47932,0.617483,0.234452,1.34448,0.617483,0.302642,1.34448,0.687322,0.234452,1.01895,0.687322,0.302642,1.01895,0.617483,0.234452,0.693422,0.617483,0.302642,0.693422,0.448878,0.234452,0.558584,0.448878,0.302642,0.558584,0.280273,0.234452,0.693422,0.280273,0.302642,0.693422,0.210435,0.234452,1.01895,0.210435,0.302642,1.01895,0.448878,0.302642,1.01895,0.448878,0.234452,1.01895,-1.4982,0.927674,0.573315,-1.4982,0.685475,0.357149,-1.4982,0.443277,0.573315,-1.4982,0.383458,1.05904,-1.4982,0.551065,1.44855,-1.4982,0.819886,1.44855,-1.4982,0.987493,1.05904,-0.684761,0.685475,0.93128,-0.274055,0.302642,1.34448,-0.44266,0.302642,1.47932,-0.44266,0.234452,1.47932,-0.274055,0.234452,1.34448,-0.611265,0.302642,1.34448,-0.611265,0.234452,1.34448,-0.681103,0.302642,1.01895,-0.681103,0.234452,1.01895,-0.611265,0.302642,0.693422,-0.611265,0.234452,0.693422,-0.44266,0.302642,0.558584,-0.44266,0.234452,0.558584,-0.274055,0.302642,0.693422,-0.274055,0.234452,0.693422,-0.204216,0.302642,1.01895,-0.204216,0.234452,1.01895,-0.44266,0.302642,1.01895,-0.44266,0.234452,1.01895,1.48814,0.927674,0.573315,1.48814,0.987493,1.05904,1.48814,0.819886,1.44855,1.48814,0.551065,1.44855,1.48814,0.383458,1.05904,1.48814,0.443277,0.573315,1.48814,0.685475,0.357149,0.674707,0.685475,0.93128,-0.000427,1.08584,1.41616,-0.433226,1.08584,1.16579,-0.750369,0.916625,1.34854,-0.000739,0.916625,1.78219,-0.432799,1.08584,0.665793,-0.74963,0.916625,0.48251,0.000427,1.08584,0.416162,0.000739,0.916625,0.0501371,0.433226,1.08584,0.666532,0.750369,0.916625,0.483789,0.432799,1.08584,1.16653,0.74963,0.916625,1.34982,-0.866452,0.685475,1.41542,-0.000853,0.685475,1.91616,-0.865598,0.685475,0.415423,0.000853,0.685475,-0.0838379,0.866452,0.685475,0.416901,0.865598,0.685475,1.4169,-0.750369,0.454326,1.34854,-0.000739,0.454326,1.78219,-0.74963,0.454326,0.48251,0.000739,0.454326,0.0501371,0.750369,0.454326,0.483789,0.74963,0.454326,1.34982,-0.433226,0.285113,1.16579,-0.000427,0.285113,1.41616,-0.432799,0.285113,0.665793,0.000427,0.285113,0.416162,0.433226,0.285113,0.666532,0.432799,0.285113,1.16653,0,1.14777,0.916162,0,0.223177,0.916162,-0.210433,0.275872,0.33844,0.008921,0.275872,0.281143,0.008921,0.275872,0.353029,-0.210433,0.275872,0.410326,0.008921,0.409857,0.353029,-0.210433,0.409857,0.410326,0.008921,0.409857,0.281143,-0.210433,0.409857,0.33844,0.210432,0.275872,0.33844,0.210432,0.409857,0.33844,0.210432,0.409857,0.410326,0.210432,0.275872,0.410326],
			"faces"    : [43,0,1,2,3,0,0,1,2,3,0,1,2,3,43,3,2,4,5,0,3,2,4,5,3,2,4,5,43,5,4,6,7,0,5,4,6,7,5,4,6,7,43,7,6,8,9,0,7,6,8,9,7,6,8,9,43,9,8,10,11,0,9,8,10,11,9,8,10,11,43,11,10,12,13,0,11,10,12,13,11,10,12,13,43,13,12,14,15,0,13,12,14,15,13,12,14,15,43,1,0,15,14,0,16,17,15,14,1,0,15,14,42,3,16,0,0,18,19,20,3,16,0,42,5,16,3,0,21,19,18,5,16,3,42,7,16,5,0,22,19,21,7,16,5,42,9,16,7,0,23,19,22,9,16,7,42,11,16,9,0,9,19,23,11,16,9,42,13,16,11,0,24,19,9,13,16,11,42,15,16,13,0,25,19,24,15,16,13,42,0,16,15,0,20,19,25,0,16,15,42,1,17,2,0,26,27,28,1,17,2,42,2,17,4,0,28,27,29,2,17,4,42,4,17,6,0,29,27,30,4,17,6,42,6,17,8,0,30,27,31,6,17,8,42,8,17,10,0,31,27,32,8,17,10,42,10,17,12,0,32,27,33,10,17,12,42,12,17,14,0,33,27,34,12,17,14,42,14,17,1,0,34,27,26,14,17,1,42,24,18,19,0,35,36,37,18,19,20,42,19,20,21,0,37,38,39,20,21,22,42,21,22,23,0,39,40,41,22,23,24,42,23,24,19,0,41,35,37,24,18,20,42,19,21,23,0,37,39,41,20,22,24,42,18,24,25,0,42,43,44,19,18,25,42,24,23,25,0,43,45,44,18,24,25,42,23,22,25,0,45,46,44,24,23,25,42,22,21,25,0,46,47,44,23,22,25,42,21,20,25,0,47,48,44,22,21,25,42,20,19,25,0,48,49,44,21,20,25,42,19,18,25,0,49,50,44,20,19,25,43,26,27,28,29,0,51,52,53,54,5,3,2,4,43,27,30,31,28,0,52,55,56,53,3,0,1,2,43,30,32,33,31,0,55,57,58,56,0,15,14,1,43,32,34,35,33,0,57,59,60,58,15,13,12,14,43,34,36,37,35,0,59,61,62,60,13,11,10,12,43,36,38,39,37,0,61,63,64,62,11,9,8,10,43,38,40,41,39,0,63,65,66,64,9,7,6,8,43,40,26,29,41,0,65,67,68,66,7,5,4,6,42,27,26,42,0,69,70,71,3,5,16,42,30,27,42,0,72,69,71,0,3,16,42,32,30,42,0,73,72,71,15,0,16,42,34,32,42,0,74,73,71,13,15,16,42,36,34,42,0,59,74,71,11,13,16,42,38,36,42,0,75,59,71,9,11,16,42,40,38,42,0,76,75,71,7,9,16,42,26,40,42,0,70,76,71,5,7,16,42,29,28,43,0,26,28,27,4,2,17,42,28,31,43,0,28,29,27,2,1,17,42,31,33,43,0,29,30,27,1,14,17,42,33,35,43,0,30,31,27,14,12,17,42,35,37,43,0,31,32,27,12,10,17,42,37,39,43,0,32,33,27,10,8,17,42,39,41,43,0,33,34,27,8,6,17,42,41,29,43,0,34,26,27,6,4,17,42,50,44,45,0,37,36,35,26,27,28,42,45,46,47,0,35,41,40,28,29,30,42,47,48,49,0,40,39,38,30,31,32,42,49,50,45,0,38,37,35,32,26,28,42,45,47,49,0,35,40,38,28,30,32,42,44,51,45,0,42,44,43,27,33,28,42,45,51,46,0,43,44,45,28,33,29,42,46,51,47,0,45,44,46,29,33,30,42,47,51,48,0,46,44,47,30,33,31,42,48,51,49,0,47,44,48,31,33,32,42,49,51,50,0,48,44,49,32,33,26,42,50,51,44,0,49,44,50,26,33,27,43,52,53,54,55,0,77,78,79,80,34,35,36,37,43,53,56,57,54,0,78,81,82,79,35,38,39,36,43,56,58,59,57,0,81,83,84,82,38,40,41,39,43,58,60,61,59,0,83,85,86,84,40,42,43,41,43,60,62,63,61,0,85,87,88,86,42,44,45,43,43,62,52,55,63,0,87,89,90,88,44,34,37,45,43,55,54,64,65,0,80,79,91,92,37,36,46,47,43,54,57,66,64,0,79,82,93,91,36,39,48,46,43,57,59,67,66,0,82,84,94,93,39,41,49,48,43,59,61,68,67,0,84,86,95,94,41,43,50,49,43,61,63,69,68,0,86,88,96,95,43,45,51,50,43,63,55,65,69,0,88,90,97,96,45,37,47,51,43,65,64,70,71,0,92,91,98,99,47,46,52,53,43,64,66,72,70,0,91,93,100,98,46,48,54,52,43,66,67,73,72,0,93,94,101,100,48,49,55,54,43,67,68,74,73,0,94,95,102,101,49,50,56,55,43,68,69,75,74,0,95,96,103,102,50,51,57,56,43,69,65,71,75,0,96,97,104,103,51,47,53,57,43,71,70,76,77,0,99,98,105,106,53,52,58,59,43,70,72,78,76,0,98,100,107,105,52,54,60,58,43,72,73,79,78,0,100,101,108,107,54,55,61,60,43,73,74,80,79,0,101,102,109,108,55,56,62,61,43,74,75,81,80,0,102,103,110,109,56,57,63,62,43,75,71,77,81,0,103,104,111,110,57,53,59,63,42,53,52,82,0,78,77,112,35,34,16,42,56,53,82,0,81,78,113,38,35,16,42,58,56,82,0,83,81,114,40,38,16,42,60,58,82,0,85,83,115,42,40,16,42,62,60,82,0,87,85,116,44,42,16,42,52,62,82,0,89,87,117,34,44,16,42,77,76,83,0,106,105,118,59,58,17,42,76,78,83,0,105,107,119,58,60,17,42,78,79,83,0,107,108,120,60,61,17,42,79,80,83,0,108,109,121,61,62,17,42,80,81,83,0,109,110,122,62,63,17,42,81,77,83,0,110,111,123,63,59,17,43,84,85,86,87,0,124,125,126,127,64,65,66,67,43,87,86,88,89,0,127,126,128,129,67,66,68,69,43,89,88,90,91,0,129,128,130,131,69,68,70,71,43,91,90,85,84,0,131,130,132,133,71,70,65,64,43,92,93,94,95,0,134,135,136,137,72,73,74,75,43,91,84,87,89,0,138,124,127,139,71,64,67,69,43,86,95,94,88,0,126,137,140,128,66,75,74,68,43,90,88,94,93,0,130,128,140,141,70,68,74,73,43,85,90,93,92,0,132,130,141,142,65,70,73,72,43,86,85,92,95,0,126,125,134,137,66,65,72,75],